Date,Forecasted Transfer Count
1/1/2024,3
1/2/2024,3
1/3/2024,0
1/4/2024,1
1/5/2024,0
1/6/2024,1
1/7/2024,2
1/8/2024,0
1/9/2024,0
1/10/2024,1
1/11/2024,1
1/12/2024,2
1/13/2024,2
1/14/2024,1
1/15/2024,1
1/16/2024,1
1/17/2024,1
1/18/2024,1
1/19/2024,1
1/20/2024,2
1/21/2024,2
1/22/2024,4
1/23/2024,0
1/24/2024,2
1/25/2024,1
1/26/2024,1
1/27/2024,3
1/28/2024,4
1/29/2024,4
1/30/2024,1
1/31/2024,1
2/1/2024,5
2/2/2024,4
2/3/2024,7
2/4/2024,1
2/5/2024,0
2/6/2024,0
2/7/2024,4
2/8/2024,5
2/9/2024,6
2/10/2024,6
2/11/2024,2
2/12/2024,0
2/13/2024,8
2/14/2024,7
2/15/2024,11
2/16/2024,3
2/17/2024,1
2/18/2024,2
2/19/2024,8
2/20/2024,8
2/21/2024,10
2/22/2024,10
2/23/2024,5
2/24/2024,3
2/25/2024,12
2/26/2024,11
2/27/2024,15
2/28/2024,6
2/29/2024,5
3/1/2024,5
3/2/2024,12
3/3/2024,11
3/4/2024,15
3/5/2024,14
3/6/2024,8
3/7/2024,5
3/8/2024,16
3/9/2024,16
3/10/2024,21
3/11/2024,10
3/12/2024,8
3/13/2024,8
3/14/2024,17
3/15/2024,15
3/16/2024,20
3/17/2024,19
3/18/2024,13
3/19/2024,9
3/20/2024,21
3/21/2024,21
3/22/2024,27
3/23/2024,14
3/24/2024,11
3/25/2024,12
3/26/2024,23
3/27/2024,20
3/28/2024,26
3/29/2024,24
3/30/2024,18
3/31/2024,13
